basketball3d80,basketball3d160,basketball3d320,basketball3d400,basketball3d560,basketball3d1000,basketball_signal3d80,basketball_signal3d160,basketball_signal3d320,basketball_signal3d400,basketball_signal3d560,basketball_signal3d1000,directing_traffic3d80,directing_traffic3d160,directing_traffic3d320,directing_traffic3d400,directing_traffic3d560,directing_traffic3d1000,jumping3d80,jumping3d160,jumping3d320,jumping3d400,jumping3d560,jumping3d1000,running3d80,running3d160,running3d320,running3d400,running3d560,running3d1000,soccer3d80,soccer3d160,soccer3d320,soccer3d400,soccer3d560,soccer3d1000,walking3d80,walking3d160,walking3d320,walking3d400,walking3d560,walking3d1000,washwindow3d80,washwindow3d160,washwindow3d320,washwindow3d400,washwindow3d560,washwindow3d1000
10.994666911106483,20.068492223702226,40.332066180659275,51.22513951320274,71.36634877522786,114.43649106493183,2.868113868252676,5.119658847453382,10.81938009793283,14.391043709194456,22.178043851996385,45.08888351464259,6.020964990524862,11.730737411161323,26.33620263211554,35.112312479187196,54.22344779558432,103.0980043890756,15.757959726898829,29.746146524389623,57.29292901514543,70.47402566204696,93.68589629975726,128.65240284945259,12.961138725280762,20.81068229675293,33.06339645385742,37.8092041015625,46.18974304199219,69.22982788085938,12.586899161788653,22.297270047889565,40.963176165886644,50.46250036707464,69.73806145146207,110.9282182513543,6.517167960127739,10.556250441564272,17.000674835623126,20.141474867520266,25.990770653502583,40.14591697797383,5.335699951657588,10.253243502448587,22.17611777986596,28.781431013492178,41.19426466969528,67.7331619702962
